{
  "analise": {
    "grupos": {
      "grupo_1": {
        "conhecimento_grupo": {
          "hardskills": {
            "API": {
              "total_pontos": 161.3,
              "percentual": 30.452923518417133
            },
            "REST": {
              "total_pontos": 113.83,
              "percentual": 21.490739517057794
            },
            "Firebase": {
              "total_pontos": 254.54,
              "percentual": 48.05633696452509
            }
          },
          "total_conhecimento_hardskills": 529.67,
          "deficit_hardskills_absoluto": 18.509260482942206,
          "media_softskills": 2.6666666666666665,
          "deficit_hardskills_relativo": 7.999864490157864
        }
      },
      "grupo_2": {
        "conhecimento_grupo": {
          "hardskills": {
            "API": {
              "total_pontos": 154.81,
              "percentual": 28.590688311448464
            },
            "REST": {
              "total_pontos": 130.01,
              "percentual": 24.010563835484884
            },
            "Firebase": {
              "total_pontos": 256.65000000000003,
              "percentual": 47.39874785306666
            }
          },
          "total_conhecimento_hardskills": 541.47,
          "deficit_hardskills_absoluto": 15.989436164515116,
          "media_softskills": 2.8333333333333335,
          "deficit_hardskills_relativo": 0.8266779672246606
        }
      },
      "grupo_3": {
        "conhecimento_grupo": {
          "hardskills": {
            "API": {
              "total_pontos": 149.27,
              "percentual": 30.223329081374395
            },
            "REST": {
              "total_pontos": 87.57,
              "percentual": 17.73066877239871
            },
            "Firebase": {
              "total_pontos": 257.05,
              "percentual": 52.04600214622689
            }
          },
          "total_conhecimento_hardskills": 493.89000000000004,
          "deficit_hardskills_absoluto": 22.26933122760129,
          "media_softskills": 3,
          "deficit_hardskills_relativo": 22.26933122760129
        }
      },
      "grupo_4": {
        "conhecimento_grupo": {
          "hardskills": {
            "API": {
              "total_pontos": 156.2,
              "percentual": 28.91842855555967
            },
            "REST": {
              "total_pontos": 131.54,
              "percentual": 24.35294553263969
            },
            "Firebase": {
              "total_pontos": 252.4,
              "percentual": 46.728625911800656
            }
          },
          "total_conhecimento_hardskills": 540.1399999999999,
          "deficit_hardskills_absoluto": 15.64705446736031,
          "media_softskills": 2.6666666666666665,
          "deficit_hardskills_relativo": 0
        }
      },
      "grupo_5": {
        "conhecimento_grupo": {
          "hardskills": {
            "API": {
              "total_pontos": 154.1,
              "percentual": 29.51146178447632
            },
            "REST": {
              "total_pontos": 110.44,
              "percentual": 21.15020012639562
            },
            "Firebase": {
              "total_pontos": 257.63,
              "percentual": 49.338338089128065
            }
          },
          "total_conhecimento_hardskills": 522.17,
          "deficit_hardskills_absoluto": 18.84979987360438,
          "media_softskills": 2.6666666666666665,
          "deficit_hardskills_relativo": 9.11636769943901
        }
      },
      "grupo_6": {
        "conhecimento_grupo": {
          "hardskills": {
            "API": {
              "total_pontos": 116.71,
              "percentual": 26.70892738631942
            },
            "REST": {
              "total_pontos": 103.86,
              "percentual": 23.768222074741967
            },
            "Firebase": {
              "total_pontos": 216.4,
              "percentual": 49.52285053893859
            }
          },
          "total_conhecimento_hardskills": 436.9700000000001,
          "deficit_hardskills_absoluto": 16.231777925258033,
          "media_softskills": 3.2,
          "deficit_hardskills_relativo": 1.4332081940863253
        }
      },
      "grupo_7": {
        "conhecimento_grupo": {
          "hardskills": {
            "API": {
              "total_pontos": 138.42000000000002,
              "percentual": 29.646605268794175
            },
            "REST": {
              "total_pontos": 111.15,
              "percentual": 23.805954165774253
            },
            "Firebase": {
              "total_pontos": 217.33,
              "percentual": 46.547440565431565
            }
          },
          "total_conhecimento_hardskills": 466.90000000000003,
          "deficit_hardskills_absoluto": 16.194045834225747,
          "media_softskills": 2.2,
          "deficit_hardskills_relativo": 1.3376069268392152
        }
      }
    },
    "gap_hardskill": 1.1384374614191743,
    "gap_softskill": 2.166666666666668,
    "acuracia": 91.9207295138941
  }
}